{
  "rows": 500,
  "mean_delta_editlens": -0.012506072571811577,
  "mean_output_score": 0.05118381335314674,
  "mean_similarity": 0.9139310236051679,
  "median_length_ratio": 0.7519230769230769,
  "invalid_rate": 0.006
}