rows,mean_delta_editlens,mean_output_score,mean_similarity,median_length_ratio,invalid_rate,run_name
500,-0.006393164345839371,0.045070905127174536,0.9664645222425461,0.7470606629143215,0.0,m1_eval
500,-0.006436503059114329,0.04511424384044949,0.9636345746517181,0.7470606629143215,0.0,m3_eval
500,-0.006736303572193719,0.04541404435352888,0.9654673589468002,0.7470606629143215,0.0,m2_eval
500,-0.012506072571811577,0.05118381335314674,0.9139310236051679,0.7519230769230769,0.006,m4_eval
