{
  "rows": 500,
  "mean_delta_editlens": -0.006393164345839371,
  "mean_output_score": 0.045070905127174536,
  "mean_similarity": 0.9664645222425461,
  "median_length_ratio": 0.7470606629143215,
  "invalid_rate": 0.0
}