{
  "rows": 500,
  "mean_delta_editlens": -0.006736303572193719,
  "mean_output_score": 0.04541404435352888,
  "mean_similarity": 0.9654673589468002,
  "median_length_ratio": 0.7470606629143215,
  "invalid_rate": 0.0
}