{
  "rows": 250,
  "eval_path": "tournament/data/packs/p0_pairs.jsonl",
  "eval_split": "test",
  "max_eval_rows": 250,
  "sort_key": "input_score_roberta",
  "sort_desc": true,
  "mean_input_score": 0.042276563038428625,
  "mean_delta_editlens": -0.06519348890303324,
  "mean_delta_editlens_passed": -0.041857725791394323,
  "mean_output_score": 0.10747005194146186,
  "rows_passed": 26,
  "pass_rate": 0.104,
  "mean_length_gap": 0.40975934552006466,
  "mean_similarity": 0.9628328394889831,
  "median_length_ratio": 0.5775592445567184,
  "invalid_rate": 0.0
}