{
  "rows": 500,
  "mean_delta_editlens": -0.006436503059114329,
  "mean_output_score": 0.04511424384044949,
  "mean_similarity": 0.9636345746517181,
  "median_length_ratio": 0.7470606629143215,
  "invalid_rate": 0.0
}